{
  "r9_from_0_to_0.96": {
    "pt_from_25_to_45": {
      "eta_from_0_to_1": 0.889030398135964,
      "eta_from_1_to_1.5": 0.22709214528670835,
      "eta_from_1.5_to_2.1": 0.12962634595464861
    },
    "pt_from_45_to_14000": {
      "eta_from_0_to_1": 31.670080848051853,
      "eta_from_1_to_1.5": 7.055398559248519,
      "eta_from_1.5_to_2.1": 2.5719270545897253
    }
  },
  "r9_from_0.96_to_25": {
    "pt_from_25_to_45": {
      "eta_from_0_to_1": 3.788077406358752,
      "eta_from_1_to_1.5": 1.88809306875481,
      "eta_from_1.5_to_2.1": 0.5083058885591621
    },
    "pt_from_45_to_14000": {
      "eta_from_0_to_1": 62.147041922561804,
      "eta_from_1_to_1.5": 20.44578096769919,
      "eta_from_1.5_to_2.1": 3.813956460209248
    }
  },
  "syst_tot": 73.30245610578332
}