{
  "r9_from_0_to_0.96": {
    "pt_from_25_to_45": {
      "eta_from_0_to_0.5": 0.4952882415566554,
      "eta_from_0.5_to_1": 0.39424524275086764,
      "eta_from_1_to_1.25": 0.1407333378588123,
      "eta_from_1.25_to_1.5": 0.08630725818137845,
      "eta_from_1.5_to_1.8": 0.06132562983170319,
      "eta_from_1.8_to_2.1": 0.0687173829790545
    },
    "pt_from_45_to_14000": {
      "eta_from_0_to_0.5": 17.736432357454337,
      "eta_from_0.5_to_1": 13.876133885744638,
      "eta_from_1_to_1.25": 4.3800749010019056,
      "eta_from_1.25_to_1.5": 2.6790206683158444,
      "eta_from_1.5_to_1.8": 1.2034899423327008,
      "eta_from_1.8_to_2.1": 1.3669274116102645
    }
  },
  "r9_from_0.96_to_25": {
    "pt_from_25_to_45": {
      "eta_from_0_to_0.5": 2.000401890356223,
      "eta_from_0.5_to_1": 1.7871866453837295,
      "eta_from_1_to_1.25": 1.1810719816317345,
      "eta_from_1.25_to_1.5": 0.713398182249717,
      "eta_from_1.5_to_1.8": 0.24191248432509208,
      "eta_from_1.8_to_2.1": 0.2670883070119231
    },
    "pt_from_45_to_14000": {
      "eta_from_0_to_0.5": 36.235012396179414,
      "eta_from_0.5_to_1": 25.93286253440968,
      "eta_from_1_to_1.25": 13.089524751080942,
      "eta_from_1.25_to_1.5": 7.367816038030911,
      "eta_from_1.5_to_1.8": 1.8056982375122477,
      "eta_from_1.8_to_2.1": 2.0066049606752223
    }
  },
  "syst_tot": 52.58203040509708
}