{
  "corrections": {
    "(0,0,0)": 0.9979335,
    "(0,0,2)": 0.995378,
    "(0,0,4)": 0.9962449999999999,
    "(0,1,0)": 0.9962015,
    "(0,1,2)": 0.9937135,
    "(0,1,4)": 0.993589,
    "(1,0,0)": 0.9948680000000001,
    "(1,0,2)": 0.9934824999999999,
    "(1,0,4)": 1.0011575000000001,
    "(1,1,0)": 0.994741,
    "(1,1,2)": 0.9924315,
    "(1,1,4)": 0.9967855,
    "(0,0,1)": 0.9979335,
    "(0,0,3)": 0.995378,
    "(0,0,5)": 0.9962449999999999,
    "(0,1,1)": 0.9962015,
    "(0,1,3)": 0.9937135,
    "(0,1,5)": 0.993589,
    "(1,0,1)": 0.9948680000000001,
    "(1,0,3)": 0.9934824999999999,
    "(1,0,5)": 1.0011575000000001,
    "(1,1,1)": 0.994741,
    "(1,1,3)": 0.9924315,
    "(1,1,5)": 0.9967855
  },
  "systematics": {
    "(0,0,0)": 0.000725,
    "(0,0,2)": 0.0009415000000000001,
    "(0,0,4)": 0.0012395,
    "(0,1,0)": 0.00042699999999999997,
    "(0,1,2)": 0.0010275,
    "(0,1,4)": 0.0009795,
    "(1,0,0)": 0.0013505000000000001,
    "(1,0,2)": 0.0016705000000000001,
    "(1,0,4)": 0.002345,
    "(1,1,0)": 0.0008725,
    "(1,1,2)": 0.0020334999999999997,
    "(1,1,4)": 0.0017955,
    "(0,0,1)": 0.000725,
    "(0,0,3)": 0.0009415000000000001,
    "(0,0,5)": 0.0012395,
    "(0,1,1)": 0.00042699999999999997,
    "(0,1,3)": 0.0010275,
    "(0,1,5)": 0.0009795,
    "(1,0,1)": 0.0013505000000000001,
    "(1,0,3)": 0.0016705000000000001,
    "(1,0,5)": 0.002345,
    "(1,1,1)": 0.0008725,
    "(1,1,3)": 0.0020334999999999997,
    "(1,1,5)": 0.0017955

  }
}
